Content,Accuracy Score,Fluency Score,Standard Score,Total Score
can you hearing me,0.901912,1.024860,0.000000,0.963386
can you hearing me,0.901912,1.024860,0.000000,0.963386
hi,0.805864,1.319257,0.000000,1.062561
hi,0.805864,1.319257,0.000000,1.062561
it's still the same,2.414977,4.116428,0.000000,3.265703
it's still the same,2.414977,4.116428,0.000000,3.265703
