Content,Accuracy Score,Fluency Score,Standard Score,Total Score
hi,1.294986,5.000000,0.000000,3.147493
how's your day,3.747352,4.970000,0.000000,4.358676
hi,1.294986,5.000000,0.000000,3.147493
how's your day,3.747352,4.970000,0.000000,4.358676
today i have something like play football and tennis,0.072077,1.462011,0.409353,0.767044
today i have something like play football and tennis,0.072077,1.462011,0.409353,0.767044
